source,target,sign
AES,LEF1,1
AES,RND3,1
APC,DNMT1,-1
APC,ODC1,-1
AR,BTG2,-1
AR,CDC6,1
AR,CDH2,1
AR,CTNNB1,1
AR,ETV1,1
AR,NKX3-1,1
AR,VIM,-1
AR,WEE1,-1
BTF3,EPHB2,1
BTF3,RRAS2,-1
BTG2,CCND1,-1
CEBPZ,APC,1
CEBPZ,COL11A1,-1
CIITA,COL1A1,-1
CIITA,COL1A2,-1
CIITA,SIRT1,-1
CTBP1,CLDN7,-1
CTNNB1,CCND1,1
CTNNB1,VIM,1
CUX1,WNT5A,1
DAXX,AIRE,-1
DNMT1,BMP2,-1
DNMT1,GAD1,-1
DNMT1,TIMP3,-1
E2F4,HCFC1,1
E2F4,MCM10,-1
E2F4,PLK1,-1
E2F4,RAD51,-1
E2F4,TTK,-1
EGR1,AR,-1
EGR1,CCND1,1
EGR1,FGF2,1
EGR1,FN1,1
EGR1,HIF1A,1
EGR1,PLAU,1
EGR1,TCF4,1
EGR1,TP53,1
ESRRG,NR0B1,1
ETS1,ANGPT2,1
ETS1,BMP4,1
ETS1,EGR1,1
ETS1,FLI1,1
ETS1,GRPR,1
ETS1,NKX3-1,1
ETS1,PARP1,1
ETS1,TFAP2A,1
ETS1,TNC,1
ETV4,ETS1,1
ETV4,VIM,1
EWSR1,MITF,1
EWSR1,PHLDA1,-1
EZH2,APC,-1
EZH2,CCND1,1
EZH2,CIITA,-1
EZH2,MMP2,1
EZH2,PCNA,1
EZH2,SATB1,-1
EZH2,SNAI2,-1
EZH2,TP53,-1
EZH2,TWIST1,-1
FLI1,COL1A2,-1
FLI1,FLI1,1
FLI1,PHLDA1,-1
FOXD3,MITF,-1
FOXD3,SPP1,1
FOXH1,AR,-1
GATA2,AR,1
GATA3,ZEB1,1
GATA4,HDAC9,-1
GATA6,DAB2,1
GATA6,PLAU,-1
HCFC1,E2F4,-1
HDAC9,CITED2,-1
HDAC9,TP53,-1
HDGF,VIM,1
HIF1A,APEX1,-1
HIF1A,AR,1
HIF1A,ASS1,1
HIF1A,BNIP3,1
HIF1A,CCND1,-1
HIF1A,E2F3,1
HIF1A,ENO1,1
HIF1A,FGF2,1
HIF1A,HIF1A,-1
HIF1A,MIF,1
HIF1A,MMP2,1
HIF1A,SLC29A1,-1
HIF1A,SLC2A1,1
HIF1A,TWIST1,1
HIF1A,VIM,1
HMGA1,TWIST1,1
HOXB7,CCND1,1
HOXB7,FGF2,1
HOXB7,MMP2,1
HOXB7,PDGFA,1
HOXB7,WNT5A,1
ILF3,PLAU,1
IRF1,CIITA,1
JUND,CCND1,1
JUND,ITGAV,-1
JUND,SOX4,1
KLF5,CCND1,1
KLF5,HIF1A,1
KLF6,CCND1,-1
KLF6,PMAIP1,1
KLF8,CDH2,-1
KLF8,FN1,-1
KLF8,VIM,-1
LEF1,CD1D,-1
LEF1,MITF,1
LIMD1,HIF1A,-1
LMO2,FGF2,1
LMO2,GYPA,-1
LMO2,LEF1,-1
LMO2,NFATC1,1
LMO2,ZEB1,-1
LMX1B,NLRP2,1
MITF,CTSK,1
MITF,HIF1A,1
MSX1,DKK1,-1
MYCN,CIITA,-1
MYCN,CLU,-1
MYCN,DKK3,-1
MYCN,GRHL1,-1
MYCN,MCM10,1
MYCN,MCM2,1
MYCN,MCM3,1
MYCN,MCM4,1
MYCN,MCM5,1
MYCN,MCM6,1
MYCN,MCM7,1
MYCN,MXI1,-1
MYCN,MYBL2,1
MYCN,TP53,1
MYCN,TP53INP1,-1
NANOG,CDK6,-1
NANOG,KDR,1
NANOG,GATA2,-1
NANOG,GATA4,-1
NANOG,GATA6,-1
NANOG,LAMB1,-1
NANOG,POU5F1,1
NFIC,ITGA5,-1
NKX3-1,AR,-1
NKX3-1,CCND1,-1
NR0B1,ESRRG,-1
NR0B1,PBX1,1
NR3C1,CDK6,-1
NR3C1,ETS1,-1
NR3C1,TP53,-1
OTX2,CCNG2,1
OTX2,CDC25C,1
PARP1,SNAI1,-1
PARP1,VIM,1
PBX1,NANOG,1
PHB2,BTG2,-1
PITX2,LEF1,1
POU2AF1,TK1,1
POU2F1,CCND1,1
POU2F1,MAD2L1,1
POU2F1,SNAI2,-1
POU2F1,TK1,1
POU2F1,TWIST1,-1
POU2F2,TK1,1
POU5F1,BMP4,-1
POU5F1,DKK1,-1
POU5F1,EOMES,-1
POU5F1,GATA6,-1
POU5F1,HLX,-1
POU5F1,ITGA6,1
POU5F1,NANOG,1
POU5F1,SOX2,1
POU5F1,SPP1,1
POU5F1,THY1,1
POU5F1,ZFP42,1
PPARA,NFKBIA,1
PRDM1,CIITA,-1
PRDM1,LMO2,-1
PRDM14,POU5F1,1
PURA,AR,-1
PURA,PCNA,-1
RBMX,EGR1,-1
RBMX,JUND,-1
REL,EPHB2,-1
RNF14,CCND1,1
RUNX1,MAD2L1,-1
RUNX1,MECOM,1
RUNX1,NCAM1,1
RUVBL1,TP53,-1
SALL3,HDAC9,-1
SATB1,GATA3,1
SATB2,UPF3B,1
SIRT1,BCL11A,-1
SIRT1,CCND1,-1
SIRT1,COL1A2,-1
SIRT1,CTNNB1,-1
SIRT1,EGLN1,-1
SIRT1,ESRRG,1
SIRT1,EZH2,-1
SIRT1,HIF1A,1
SIRT1,TBX3,-1
SIRT1,TP53,-1
SNAI2,POU5F1,1
SOX17,FN1,-1
SOX17,NFAT5,-1
SOX2,ASXL1,1
SOX2,BMP4,-1
SOX2,DKK1,1
SOX2,ISL1,-1
SOX2,ITGA6,1
SOX2,VIM,1
SOX4,NCAM1,1
SP100,ETS1,-1
SSB,LAMB1,1
STAT2,IRF1,1
STAT3,CCND1,1
STAT3,DNMT1,1
STAT3,FGF2,1
STAT3,HIF1A,1
STAT3,IRF1,1
STAT3,LTBP1,-1
STAT3,MMP2,1
STAT3,NANOG,1
STAT3,OAS1,-1
STAT3,PPARA,1
STAT3,PRDM1,1
STAT3,TGFB1,1
STAT3,TWIST1,1
TCF4,CCND1,1
TCF4,HECA,-1
TCF4,MITF,-1
TCF4,VIM,1
TFAP2A,CRABP2,1
TFAP2A,ETS1,1
TFAP2A,NR3C1,1
TFAP4,SALL2,1
TFDP1,MYBL2,1
TFDP1,NRIP1,1
TFDP1,PCNA,1
TFDP1,TP53,-1
TLE3,RUNX1,-1
TP53,CCNB2,-1
TP53,CCND1,-1
TP53,CHEK2,-1
TP53,CTNNB1,-1
TP53,DNMT1,-1
TP53,E2F3,-1
TP53,E2F7,1
TP53,EPHA2,1
TP53,EZH2,-1
TP53,FGF2,-1
TP53,IFI16,1
TP53,MCM7,-1
TP53,MMP2,1
TP53,NKX3-1,-1
TP53,PMAIP1,1
TP53,SLC2A1,-1
TP53,STAT3,-1
TP53,TP53,1
TP53,TRIM22,1
TP53,UHRF1,-1
TRIM28,E2F3,-1
TRIM28,E2F4,-1
TWIST1,FN1,1
TWIST1,MMP2,1
TWIST1,YBX1,1
VHL,ANGPT2,-1
VHL,AR,1
VHL,DAB2,1
VHL,HIF1A,-1
WWP1,ERBB4,-1
WWP1,TGFBR1,-1
WWTR1,ASNS,-1
XRCC5,ETS1,-1
YBX1,CDC20,-1
YBX1,CDKN3,1
YBX1,MYCN,1
YBX1,RBBP8,-1
ZBTB2,TP53,-1
ZEB1,EPCAM,-1
ZEB1,GRHL2,-1
ZEB1,POU5F1,1
ZEB2,ITGA5,1
ZEB2,POU5F1,1
ZEB2,VIM,1
ZIC2,TCF4,-1
ZNF160,TLR4,-1
ZNF202,ABCA1,-1
ZNF24,CCND1,1
ZNF24,CTNNB1,1
AR,ATF6,1
AR,ATP2B4,1
AR,CCNG2,1
AR,CITED2,1
AR,GLRX,1
AR,HSD17B11,1
AR,KLF5,1
AR,LIFR,1
AR,NLGN4X,1
AR,PMAIP1,1
AR,PNRC1,1
AR,PTPRM,1
AR,RBMX,1
AR,SNAI2,1
AR,SORD,1
AR,SOX4,1
AR,TRPS1,1
ARID3A,FOXK1,1
ATF6,SEL1L,1
BCL11A,ELMO1,1
BCL11A,KLHL6,1
BCL11A,NFIC,1
BCL11A,SORL1,1
BCL11A,SYNE2,1
BCL11A,TBC1D4,1
BHLHE40,CUX1,-1
BHLHE40,JMJD1C,-1
BHLHE40,SLC7A5,-1
BHLHE40,SRC,-1
BHLHE40,TLE3,-1
CUX1,ARID5B,1
CUX1,DAAM1,1
CUX1,DEPDC1B,1
CUX1,ETV4,1
CUX1,NFIC,1
CUX1,PREX1,1
E2F3,CDC6,1
E2F3,MCM5,1
E2F3,MCM6,1
E2F3,MCM7,1
E2F3,MYCN,1
E2F3,PLK1,1
E2F4,AURKB,1
E2F4,BCL11A,1
E2F4,CCNA2,1
E2F4,CCND1,1
E2F4,CDC25C,1
E2F4,CDC6,1
E2F4,CDCA7,1
E2F4,CUX1,1
E2F4,DBF4,1
E2F4,E2F3,1
E2F4,FBXO5,1
E2F4,FST,1
E2F4,HMGN2,1
E2F4,HNRNPD,1
E2F4,ID3,1
E2F4,ITGB3BP,1
E2F4,KDM6A,1
E2F4,MAD2L1,1
E2F4,MCM3,1
E2F4,MCM5,1
E2F4,MCM6,1
E2F4,MCM7,1
E2F4,MYBL2,1
E2F4,NDC80,1
E2F4,NUSAP1,1
E2F4,PCNA,1
E2F4,PIM2,1
E2F4,POLR2D,1
E2F4,RAD54L,1
E2F4,REL,1
E2F4,RFC3,1
E2F4,RFC4,1
E2F4,SFPQ,1
E2F4,TK1,1
E2F4,TOP2A,1
E2F4,UNG,1
E2F4,VHL,1
E2F4,WEE1,1
E2F7,UHRF1,1
E2F7,DNMT1,1
E2F7,EEF1A1,1
E2F7,ETS1,1
E2F7,HNRNPD,1
E2F7,HNRNPK,1
E2F7,PDGFRA,1
E2F7,PLK2,1
E2F7,RFC4,1
E2F7,RMI1,1
E2F7,SMG6,1
E2F7,WEE1,1
EGR1,APEX1,1
EGR1,CD9,1
EGR1,CRABP2,1
EGR1,CTNNB1,1
EGR1,F3,1
EGR1,PDGFA,1
EGR1,SPP1,1
EGR1,TGFB1,1
EGR1,TIMP3,1
EOMES,AFF1,1
EOMES,TIAM1,1
ETS1,CCND1,1
ETS1,COL1A1,1
ETS1,ETV4,1
ETS1,ITGA4,1
ETS1,ITGA5,1
ETS1,MMP2,1
ETS1,NRP1,1
ETS1,PLAU,1
ETS1,RAD51,1
ETS1,RUNX1,1
ETS1,SPRY2,1
ETS1,TP53,1
ETV1,ANKRD44,1
ETV1,IQGAP2,1
ETV1,LIMCH1,1
ETV1,NFIA,1
ETV1,TCF4,1
ETV4,MMP2,1
FOXJ2,DNAJC16,1
FOXJ2,FOXP1,1
FOXJ2,WEE1,1
FOXP1,TCF4,-1
FOXP1,AFF1,-1
FOXP1,ANKRD28,-1
FOXP1,ARID5B,-1
FOXP1,BCL11A,-1
FOXP1,CADM1,-1
FOXP1,CAMK2D,-1
FOXP1,CDK6,-1
FOXP1,CEP112,-1
FOXP1,CHD9,-1
FOXP1,CHN1,-1
FOXP1,FAT1,-1
FOXP1,FNDC3B,-1
FOXP1,FOXN3,-1
FOXP1,ITGA4,-1
FOXP1,LIMCH1,-1
FOXP1,LTBP1,-1
FOXP1,MAML3,-1
FOXP1,MECOM,-1
FOXP1,NAV2,-1
FOXP1,NRP2,-1
FOXP1,PARP1,-1
FOXP1,PHLPP1,-1
FOXP1,PIP4K2A,-1
FOXP1,PLCB1,-1
FOXP1,PMAIP1,-1
FOXP1,POU2F1,-1
FOXP1,PREX1,-1
FOXP1,RABGAP1L,-1
FOXP1,RBPJ,-1
FOXP1,RIN2,-1
FOXP1,ROR2,-1
FOXP1,RUNX1,-1
FOXP1,SMARCC1,-1
FOXP1,SORL1,-1
FOXP1,STAT3,-1
FOXP1,STIM2,-1
FOXP1,SVIL,-1
FOXP1,TPD52,-1
FOXP1,VPS13C,-1
GATA2,ANGPT2,1
GATA2,APEX1,-1
GATA2,ELMO1,1
GATA2,GULP1,-1
GATA2,PNPLA8,-1
GATA2,VWA5A,1
GATA3,ARNT2,1
GATA3,FN1,1
GATA3,FNDC3B,1
GATA3,SVIL,1
GATA3,TGFBR3,1
GATA6,SEMA6A,1
GATA6,SVIL,1
GATA6,ARHGAP42,1
GATA6,BARX2,1
GATA6,BCAR3,1
GATA6,BHLHE40,1
GATA6,CUX1,1
GATA6,DLC1,1
GATA6,PDE4D,1
GATA6,PHLDB2,1
GATA6,PLCB4,1
GATA6,RBM47,1
GATA6,SIPA1L2,1
GATA6,SYNE2,1
GRHL2,ABLIM1,1
GRHL2,ALCAM,1
GRHL2,LIMCH1,1
GRHL2,MECOM,1
GRHL2,MYO5B,1
GRHL2,OSBPL3,1
GRHL2,RBM47,1
HIF1A,ABCA1,1
HIF1A,ANGPT2,1
HIF1A,BHLHE40,1
HIF1A,CITED2,1
HIF1A,EGLN1,1
HIF1A,ENO2,1
HIF1A,ERRFI1,1
HIF1A,ETS1,1
HIF1A,FAM162A,1
HIF1A,NPM1,1
HIF1A,NR3C1,1
HIF1A,PMAIP1,1
HIF1A,TLR4,1
HIF1A,TP53,1
HIF1A,VHL,1
IRF1,TP53,1
JUND,CLU,1
JUND,TGFB1,1
KLF5,CD9,1
KLF5,COL4A2,1
KLF5,EPHA2,1
KLF5,MYO5B,1
KLF5,RBM47,1
KLF5,SLC2A1,1
KLF6,ARID5B,1
KLF6,DUSP10,1
KLF6,ERRFI1,1
KLF6,ETS1,1
KLF6,IRF1,1
KLF6,NEDD9,1
KLF6,RND3,1
KLF6,SH3BP4,1
KLF6,SH3RF1,1
KLF6,WWTR1,1
KLF6,ZFP36L2,1
LEF1,AR,1
LEF1,CCND1,1
LEF1,CTNNB1,1
LEF1,SNAI2,1
MAFF,OXTR,1
MAFF,ARID5B,1
MAFF,BHLHE40,1
MAFF,DAAM1,1
MAFF,JMJD1C,1
MAFF,PALLD,1
MAFF,PDE4D,1
MAFF,PHLDB2,1
MAFF,PLXNA2,1
MAFF,RABGAP1L,1
MAFF,TJP2,1
MAFG,CEP112,1
MAFG,PDE4D,1
MAFG,PLXNA2,1
MAFG,TCF4,1
MAFG,TJP2,1
MEIS1,BCAR3,1
MEIS1,DAAM1,1
MEIS1,DPYSL3,1
MEIS1,DSE,1
MEIS1,ETS1,1
MEIS1,FBN1,1
MEIS1,FRYL,1
MEIS1,HDAC9,1
MEIS1,HECW2,1
MEIS1,NFIA,1
MEIS1,NFIB,1
MEIS1,PALLD,1
MEIS1,TCF4,1
MEIS1,ZFPM2,1
MEIS2,MCC,1
MEIS2,TGFBR3,1
MEIS2,ATP2B4,1
MEIS2,ETV1,1
MEIS2,FOXP1,1
MEIS2,FRYL,1
MEIS2,MAPRE2,1
MEIS2,MITF,1
MEIS2,NAV2,1
MEIS2,NFIA,1
MEIS2,RABGAP1L,1
MEIS2,ROR2,1
MEIS2,SDCCAG8,1
MEIS2,SPRED2,1
MEIS2,STXBP5,1
MEIS2,ZFPM2,1
MEIS2,ZNF521,1
MITF,APEX1,1
MITF,HOXB4,1
MITF,MAPRE2,1
MITF,SNAI2,1
MXI1,AHNAK,-1
MXI1,ARID3A,-1
MXI1,CDK6,-1
MXI1,CUX1,-1
MXI1,FOXK1,-1
MXI1,FOXN3,-1
MXI1,RBFOX2,-1
MXI1,RUVBL1,-1
MXI1,TLE3,-1
MXI1,WEE1,-1
MYBL2,BCAR3,1
MYBL2,CDKN3,1
MYBL2,DEPDC1B,1
MYBL2,FAM169A,1
MYBL2,FOXP1,1
MYBL2,INSIG2,1
MYBL2,NAV2,1
MYBL2,TOP2A,1
NANOG,BCAR3,1
NANOG,CCND1,1
NANOG,EPB41L3,1
NANOG,FAT1,1
NANOG,GCNT2,1
NANOG,GPC6,1
NANOG,HDAC9,1
NANOG,JMJD1C,1
NANOG,LDB2,1
NANOG,LIMCH1,1
NANOG,MED12L,1
NANOG,RABGAP1L,1
NANOG,SYNE2,1
NANOG,TCF4,1
NFATC1,NEDD9,1
NFATC1,PIP4K2A,1
NFATC1,SP100,1
NFATC1,STK38L,1
NFATC1,TCF4,1
NFIC,COL1A1,1
NFIC,TFAP2A,1
NFIC,TP53,1
NFYB,PCNA,1
NFYB,AMN1,1
NFYB,CCNB2,1
NFYB,ELMO1,1
NFYB,GCNT2,1
NFYB,MAT2B,1
NFYB,MPHOSPH9,1
NFYB,NEK7,1
NFYB,NUCB2,1
NFYB,UHRF1,1
OTX2,DCLK1,1
OTX2,DENND1A,1
OTX2,FRYL,1
OTX2,TRPC4,1
PGR,CCND1,1
POU2F1,GCM1,1
POU2F1,PLAU,1
POU2F1,POU2AF1,1
POU2F1,SPP1,1
POU2F1,TFAP2A,1
POU2F2,SPP1,1
POU2F2,POU2AF1,1
POU5F1,BCAR3,1
POU5F1,EPHA4,1
POU5F1,FAT1,1
POU5F1,GCNT2,1
POU5F1,GPC6,1
POU5F1,JMJD1C,1
POU5F1,LIMCH1,1
POU5F1,OSBPL10,1
POU5F1,RABGAP1L,1
POU5F1,SYNE2,1
POU5F1,TCF4,1
POU5F1,TJP2,1
POU5F1,TRIM2,1
POU5F1,ZEB2,1
PPARA,CCND1,1
PRDM1,LGR4,1
PRDM1,MECOM,1
PRDM1,NR3C1,1
PRDM1,PCNA,1
PRDM1,PLXNA2,1
PRDM1,TEAD1,1
PRDM14,AHNAK,1
PRDM14,ASS1,1
PRDM14,BCAR3,1
PRDM14,BCL11A,1
PRDM14,CD9,1
PRDM14,DNMT3A,1
PRDM14,GATA2,1
PRDM14,GATAD2A,1
PRDM14,IGDCC4,1
PRDM14,MEF2D,1
PRDM14,MEIS1,1
PRDM14,NFIA,1
PRDM14,NFIC,1
PRDM14,NRP2,1
PRDM14,PLXNA2,1
PRDM14,PREX1,1
PRDM14,PTMA,1
PRDM14,RAI1,1
PRDM14,RUNX1,1
PRDM14,SH3BP4,1
PRDM14,SMAD6,1
PRDM14,SOX13,1
PRDM14,TCF7L1,1
PRDM14,TFAP2A,1
PRDM14,TRIM2,1
RBPJ,FNDC3B,1
RBPJ,ANKRD44,1
RBPJ,CEP85L,1
RBPJ,FOXP1,1
RBPJ,INPP4A,1
RBPJ,NIN,1
RBPJ,NUMB,1
RBPJ,PIP4K2A,1
RBPJ,PMAIP1,1
RBPJ,RUNX1,1
RBPJ,TCF4,1
RBPJ,WWTR1,1
RBPJ,ZBTB38,1
REL,F3,1
REL,NFKBIA,1
SMAD5,ID3,1
SMAD5,NR3C1,1
SMAD5,RHOBTB3,1
SNAPC4,DNMT1,1
SOX13,AFF1,1
SOX13,FOXP1,1
SOX13,LIMD1,1
SOX13,SOX5,1
SOX2,CCND1,1
SOX2,NANOG,1
SPIB,PRDM1,1
SPIB,KLHL6,1
SPIB,BCL11A,1
SPIB,BHLHE40,1
SPIB,CHL1,1
SPIB,CIITA,1
SPIB,ELMO1,1
SPIB,SP110,1
SPIB,SYNE2,1
SPIB,TBC1D4,1
STAT2,OAS1,1
STAT2,SP110,1
STAT3,IL6ST,1
STAT3,TP53,1
TCF4,ARID5B,1
TCF4,CD9,1
TCF4,CDK6,1
TCF4,CEP112,1
TCF4,DAAM1,1
TCF4,FOXP1,1
TCF4,LIMCH1,1
TCF4,PLCB1,1
TCF4,SPRED2,1
TCF4,TEAD1,1
TCF4,TMEM131,1
TCF4,TRPS1,1
TEAD1,AHNAK,1
TEAD1,APBB2,1
TEAD1,ARHGAP29,1
TEAD1,ARNT2,1
TEAD1,BCAR3,1
TEAD1,CAMK2D,1
TEAD1,CAPN2,1
TEAD1,CRIM1,1
TEAD1,DAAM1,1
TEAD1,DLC1,1
TEAD1,FAT1,1
TEAD1,FRMD6,1
TEAD1,GULP1,1
TEAD1,HDAC9,1
TEAD1,LIMCH1,1
TEAD1,NAV2,1
TEAD1,NEK7,1
TEAD1,NRP2,1
TEAD1,PALLD,1
TEAD1,PAM,1
TEAD1,PBX1,1
TEAD1,PDE4D,1
TEAD1,PTPRM,1
TEAD1,RBMS3,1
TEAD1,SH3BP4,1
TEAD1,SVIL,1
TEAD1,TCF4,1
TEAD1,TGFBR3,1
TEAD1,WWTR1,1
TEAD4,BCAR3,1
TEAD4,DENND1A,1
TEAD4,FNDC3B,1
TEAD4,HDAC9,1
TEAD4,PHLDB2,1
TEAD4,PHLPP1,1
TEAD4,PLXNA2,1
TEAD4,RABGAP1L,1
TEAD4,RAI14,1
TEAD4,RND3,1
TEAD4,TCF4,1
TEAD4,TJP2,1
TEAD4,TRIM2,1
TFAP2A,CRX,1
TFAP2A,MMP2,1
TFAP2A,PENK,1
TFAP2A,SPRY2,1
TFAP4,PENK,1
TFAP4,DENND1A,1
TFAP4,PLXNA2,1
TFAP4,SVIL,1
TFDP1,CCNE2,1
TFDP1,PTMA,1
TP53,ARID3A,1
TP53,BTG2,1
TP53,CCNA2,1
TP53,CCNG2,1
TP53,CDC25C,1
TP53,DKK1,1
TP53,EEF1A1,1
TP53,EGR1,1
TP53,EPCAM,1
TP53,MDM4,1
TP53,NHLH2,1
TP53,PCNA,1
TP53,PLAGL1,1
TP53,PLK1,-1
TP53,PLK2,1
TP53,PRDM1,1
TP53,RAD51,1
TP53,RCHY1,1
TP53,TGFB1,1
TP53,TP53INP1,1
TP53,TRIAP1,1
TWIST1,CLDN7,1
ZEB1,AR,-1
ZEB2,ATP2B4,-1
ZEB2,CREB3L2,-1
ZEB2,DENND1A,-1
ZEB2,DMXL2,-1
ZEB2,FNDC3B,-1
ZEB2,LTBP1,-1
ZEB2,NFIA,-1
ZEB2,PIP4K2A,-1
ZEB2,RAB31,-1
ZEB2,SERTAD2,-1
ZEB2,TCF4,-1
ZEB2,ZFPM2,-1
ZKSCAN1,CHD9,1
ZKSCAN1,RAI1,1
